,t0,m0,mw,x,y,z,area,dt
88,2669222474.8091397,1.4684839676391546e+21,8.044579,192217.149509,5008104.808942,-3200.0,8384823773.851744,312.97906398773193
483,8432838138.416318,3.631960335173843e+20,7.640094,650656.866168,5286424.698887,-12000.0,1480927307.966189,50.33244514465332
499,8634518143.348326,3.510508082747481e+20,7.630247,625353.338142,5283191.348918,-3000.0,1945293443.783225,51.27450752258301
528,8895921805.60067,1.763381874945412e+20,7.430898,779797.418886,5381217.21226,-12600.0,1266745483.643579,54.70781898498535
588,9742690916.457932,1.2541493884057553e+23,9.332233,767180.609969,5406099.428688,-19792.207792,122564631643.12271,567.313383102417
600,9924146233.966637,1.6209268480526632e+21,8.073176,198558.210842,5013463.218871,-9000.0,9299071144.044727,323.1240921020508
722,11911449893.517153,4.304729844131544e+20,7.689297,716165.198968,5323784.905875,-12272.727273,1978433499.070667,61.53934097290039
831,13488339798.77708,1.0573830443099775e+20,7.282822,589221.565788,5273704.692365,-12000.0,780339001.847368,34.18023872375488
883,14101109489.889688,8.832921846408822e+21,8.56407,93992.563198,4789729.941065,-18000.0,25457577538.11703,390.6060485839844
946,15187570102.828001,1.4068949712922383e+20,7.365508,1045454.753385,5856224.087039,-11250.0,1126411184.957134,45.34572410583496
976,15503151382.046524,1.7157476121024804e+20,7.422969,1048949.667953,5825449.91148,-9750.0,1285225432.875905,30.162612915039062
1060,16484862275.903404,2.352172348865835e+20,7.514313,198596.693983,5012521.857951,-9900.0,1737958854.375487,70.87723541259766
1063,16498103982.58327,4.2307283466024985e+19,7.01761,1030079.524014,5802804.75942,-3000.0,443164167.306565,17.44342041015625
1079,16769452608.21471,5.970147949983135e+20,7.78399,581681.756117,5281437.473379,-13000.0,3772315216.220387,146.51149559020996
1140,17552589208.54245,1.0855665783283231e+21,7.957104,512201.312683,5241879.479746,-12600.0,6887498269.250575,227.45943450927734
1202,18041585863.11864,2.1005173233363796e+20,7.481551,650777.480926,5286093.312562,-10000.0,1569823366.645938,63.27373504638672
1310,19399081124.20292,6.1262012063795634e+19,7.124794,1035380.583248,5913778.443804,-9000.0,479572646.585355,15.377037048339844
1417,20423950240.00192,4.374862371703831e+20,7.693976,550830.259792,5270284.99873,-10800.0,2463776676.751473,53.48503112792969
1545,21789520768.51816,3.4171755904106496e+20,7.622445,825008.005663,5363217.713647,-8415.584416,2833141341.689573,71.60883331298828
1554,21912913911.965797,3.642193401476291e+20,7.640909,607114.68008,5311101.740794,-13000.0,1703178974.971774,53.54141616821289
1618,22454527584.072224,5.572581141742887e+19,7.097371,1047751.658611,5923456.057006,-4500.0,541441646.96072,23.5477294921875
1639,22625894101.971104,1.1647959947167852e+20,7.310833,509980.878516,5246056.635363,-4500.0,1154982312.90297,61.3399658203125
1752,23802495376.09712,1.4188642294222152e+20,7.367961,921916.784921,5416459.720687,-3802.597403,981462776.486962,48.75710678100586
1803,24236703586.607384,3.306056834189294e+20,7.612874,716771.381816,5326883.480352,-13090.909091,2411243640.657412,86.30759048461914
1807,24236815476.637493,7.397932490495925e+19,7.179407,733969.741965,5318113.769604,-3000.0,485235058.866613,19.43773651123047
1850,24695680441.151558,5.153608681232103e+19,7.074741,1060753.30771,5843209.2099,-7500.0,384230584.986025,18.784324645996094
1874,24923305381.76116,3.2295412363805295e+20,7.606094,1019881.427191,5789825.634565,-5250.0,2439410977.394472,36.360191345214844
1890,25037402055.044018,4.612295826850527e+19,7.042611,1053731.827574,5877433.557673,-10500.0,413797298.693808,20.088932037353516
1916,25258039310.322777,1.4440421456037589e+21,8.03972,195970.303394,5005539.900412,-11700.0,7502347950.514028,252.09270858764648
2023,26518898531.648056,1.1501535846787872e+20,7.307171,1044544.117349,5912111.576679,-9750.0,746396293.839833,25.223739624023438
2090,27118757425.524223,4.738502176036293e+19,7.050427,147355.610834,4978677.565831,-6562.5,431825006.120998,24.279945373535156
2103,27245121182.172497,6.290326933858919e+19,7.132449,940088.108667,5528548.84447,-18857.142857,779744007.407123,37.241329193115234
2238,28506629484.96246,5.7450094595196335e+20,7.77286,758729.759229,5407956.551007,-13000.0,2621016622.621799,70.97152709960938
2250,28523514441.552967,4.419947089250521e+20,7.696945,653950.686373,5364501.745576,-10800.0,1837008603.349601,59.919654846191406
2275,28789638067.589714,2.7507075689464247e+20,7.55963,655672.936125,5287679.116612,-13000.0,1480510402.760904,47.278629302978516
2317,29163221154.08118,9.309542024263978e+19,7.245952,136422.94946,4957549.786053,-12857.142857,661871455.806172,34.4315185546875
2374,29601749643.47179,4.505723940221127e+19,7.035843,1071748.491897,5888525.355835,-3750.0,371906000.047941,16.57183837890625
2430,30120427564.597305,2.330845887824303e+20,7.511676,510516.123399,5241267.910286,-11700.0,1551420824.578932,61.856719970703125
2558,31262919364.28669,7.156346198755659e+19,7.169794,1028499.817117,5881487.728586,-6000.0,492954733.367199,15.874774932861328
2589,31437595826.25174,3.56546254259798e+20,7.634744,201319.178306,4984481.205489,-19428.571429,1635225729.782259,41.123470306396484
2716,32308869541.10284,1.83143749185487e+20,7.441861,803605.705142,5351191.710269,-14000.0,1190612245.734254,52.52391052246094
2752,32558552024.36623,2.7364385011372943e+20,7.558124,1167262.124828,5858400.742908,-19636.363636,2285555876.761321,55.88653564453125
2892,33529692576.704746,7.52546352629562e+19,7.184356,176182.753848,4949216.065678,-19500.0,781291131.653017,38.294368743896484
2913,33691913316.27934,1.735686108428473e+20,7.426314,586242.431949,5276159.728606,-12000.0,1249401433.49338,29.162353515625
2939,33865530344.029278,1.7679439304667995e+20,7.431646,809615.236365,5374122.644103,-11376.623377,2012690955.421755,79.42201232910156
2957,33964952150.224483,1.3710279778581085e+20,7.358031,1053811.373256,5893103.961203,-3000.0,897400530.863491,24.896038055419922
2972,34067081741.390728,1.1112399024684025e+20,7.297205,960019.903338,5746954.999805,-3600.0,738111340.530668,28.80126953125
3015,34389143674.12526,9.734143839092494e+19,7.258865,1009664.516344,5851414.85309,-5250.0,1017273971.413879,34.643157958984375
3215,36014530593.13929,5.964873969346653e+19,7.117068,904741.743421,5659219.877507,-6300.0,510232691.368685,24.8231201171875
3241,36210917740.058914,1.9959225433689298e+21,8.133429,208086.993023,5025493.566852,-9900.0,8468359152.195608,220.63138580322266
3245,36211545364.86623,1.4864586356755592e+20,7.381435,537704.136024,5256551.947207,-14000.0,1182941885.842699,30.996109008789062
3386,37519593068.21822,3.128620827701787e+20,7.596902,716542.02202,5324876.147719,-12272.727273,1987363774.97852,70.44738006591797
3451,38056669010.69988,2.3294862213477902e+20,7.511507,651287.837467,5286346.618645,-11000.0,1469488989.671466,52.248985290527344
3495,38412758830.70151,5.201424897960309e+19,7.077415,1058618.892799,5924322.368279,-3750.0,412236383.313586,18.303565979003906
3573,38960024309.83164,1.0563865107157351e+21,7.949215,138271.168145,4919473.111041,-17500.0,5870505018.55064,142.81310272216797
3738,40092325096.39108,6.223117371061651e+19,7.129339,594155.017615,5283834.49657,-13000.0,620074189.092929,26.445533752441406
3757,40215292507.171715,4.0566632155512764e+21,8.338779,30504.048117,4459764.475519,-18000.0,16035107989.929468,234.7509994506836
3778,40329923087.25912,5.393935138499644e+19,7.087937,620636.579849,5280626.532589,-11000.0,570735097.93811,35.47093963623047
3786,40355399259.52701,1.8700132969891408e+22,8.78123,838781.979978,5357004.398665,-6233.766234,43423182593.784454,255.36631774902344
3794,40360006700.94354,4.84403881160504e+19,7.056805,851301.689445,5484043.547125,-3600.0,403712599.533811,21.05510711669922
3941,41993839093.19482,5.033818014945488e+19,7.067932,1057241.717695,5874197.047629,-12000.0,427564736.6786,19.88098907470703
4038,42918219670.64986,8.720952302548135e+19,7.227043,1031046.623341,5875288.166807,-3750.0,710008303.11374,25.956382751464844
4186,44078820050.27765,1.5632146971494348e+20,7.396012,583381.1717,5263814.746927,-3000.0,847363108.578193,29.774642944335938
4212,44293070609.68789,1.5279700970598362e+21,8.056077,513100.379773,5248409.238827,-4500.0,8456102759.342026,267.0350799560547
4248,44619271506.94713,2.898625420352598e+20,7.574795,96962.07477,4788777.852289,-12600.0,1301261608.796761,36.52289581298828
4278,44889944374.07096,9.247706580844631e+19,7.244023,992097.656741,5764107.891814,-5250.0,761445748.162214,35.96196746826172
4329,45367876539.26138,4.061857095759966e+19,7.005816,879612.572823,5508055.960669,-3600.0,358989695.043032,16.44615936279297
4390,45944497195.16715,2.3451535601099132e+20,7.513448,620280.131484,5218695.149274,-13000.0,1532330366.726708,56.125648498535156
4523,47013478105.05171,9.09591995350052e+19,7.239231,547187.12988,5269488.421942,-9000.0,810677095.958278,38.446319580078125
4556,47153392945.106,1.3802974754277009e+20,7.359982,591085.801235,5278044.129179,-13000.0,1158769321.006476,37.29808044433594
4654,47899570877.45557,2.7102746135892378e+20,7.555342,652303.996199,5286878.99023,-13000.0,1561333925.081606,44.807472229003906
4985,50457319564.2528,5.0006712442085106e+19,7.066019,1074693.170888,5876885.333092,-11250.0,487408527.657303,24.03313446044922
5035,50745213046.46437,5.329012208513537e+19,7.084431,196533.01705,5007468.222903,-10800.0,634386171.159765,34.671356201171875
5101,51192530319.31817,2.791830620589342e+20,7.563926,788212.472592,5392333.843002,-15896.103896,2411516616.993104,55.75657653808594
5105,51192531757.377045,6.088095010852265e+19,7.122988,794354.223592,5410789.285398,-8100.0,575415960.918073,25.39716339111328
5161,51623939568.84189,8.188577323279891e+19,7.208806,540479.822199,5257343.80969,-13000.0,850910472.623665,32.91107177734375
5173,51673768369.94602,1.8687580350246597e+20,7.447702,173529.098055,4951442.747275,-17500.0,1551020259.372842,55.2158203125
5232,52255340934.25317,1.442459087695104e+21,8.039402,511605.234565,5242730.767522,-10800.0,8063192384.485719,255.04000854492188
5331,52963357989.73453,5.411013537981651e+20,7.755519,749682.898967,5387512.238775,-13000.0,3197672775.119672,128.4720687866211
5338,52966111625.278656,3.1816641714328456e+20,7.60177,726238.617591,5339631.911394,-11454.545455,2167971826.154616,57.578468322753906
5437,53654739677.50172,9.796609766671838e+19,7.260717,1028207.854563,5882438.918224,-12750.0,640573903.654992,19.955886840820312
5491,54089921165.05364,3.876957314095475e+21,8.325661,1171076.177978,5856972.002373,-19012.987013,15436585436.509209,153.51917266845703
5499,54091104790.970085,9.625961581694617e+19,7.255629,1076404.926128,5902634.708035,-12000.0,672103398.64292,23.64130401611328
5501,54091443028.5957,4.366831110706013e+19,7.026778,1051005.633329,5864834.860512,-14250.0,491921348.969368,28.336700439453125
5546,54340080515.00674,1.634028020985856e+20,7.40884,582885.268422,5289722.00851,-11700.0,1076230611.574358,30.92474365234375
5551,54378782618.183495,1.0402078717323464e+20,7.27808,1002775.837218,5809039.835686,-11250.0,990586089.928145,51.49720001220703
5572,54476269945.12759,4.604752035427361e+19,7.042137,1027112.34501,5808871.501939,-3000.0,402145538.333739,17.887306213378906
5597,54698667156.250305,4.355086916515342e+19,7.025998,194778.147159,5007242.475963,-8100.0,465905021.103892,22.398033142089844
5702,55495191792.31866,7.078878242835866e+19,7.166643,929329.688808,5417842.161941,-3603.896104,735610090.464628,46.87060546875
5733,55741392500.11844,8.791977543624822e+19,7.229391,758729.759229,5407956.551007,-13000.0,891562064.194104,36.05207824707031
5890,57001702366.03809,2.5129716042275275e+20,7.533458,775328.289446,5353716.707407,-12600.0,1833144459.643466,50.72184753417969
5915,57184560641.82261,1.2336489424654367e+20,7.327461,669271.80767,5325783.737766,-9000.0,827920285.983222,34.903106689453125
5935,57375534863.496925,1.7872238785654817e+20,7.434786,689860.30648,5326220.72747,-13000.0,985643261.660439,30.850982666015625
5997,57757508248.08408,8.843617346842036e+19,7.231087,589798.753225,5273718.403525,-13000.0,719233574.642218,33.92974090576172
6008,57829106480.60369,1.0592183846019582e+20,7.283324,205037.464762,5034360.402142,-13000.0,683884873.556735,24.6773681640625
6085,58360917932.52634,2.469676135713177e+20,7.528427,650656.866168,5286424.698887,-12000.0,1477883646.745409,53.778076171875
6176,58944482242.232216,8.37800066083459e+19,7.215427,779240.296397,5362562.561493,-13090.909091,535110232.754156,24.63507843017578
6223,59212446441.80561,1.0432878372445805e+20,7.278936,595285.128033,5284071.488796,-13000.0,824468670.060539,31.82646942138672
6255,59377771127.26983,6.654291702402407e+20,7.815401,937268.562004,5529979.172086,-19324.675325,4681193926.896272,68.4627456665039
6275,59489151070.60025,1.332417441946801e+21,8.016427,515484.692245,5245004.087724,-11700.0,8472146640.054358,289.00785064697266
6286,59617543566.780266,6.543088262953573e+19,7.143855,911320.185535,5666281.295813,-9900.0,493779050.987453,20.305763244628906
6357,60231332309.24908,2.7761569967473784e+20,7.562296,24294.993938,4423489.893901,-18500.0,2452862571.147615,74.6313247680664
6516,61167631519.37109,6.9044419363991265e+19,7.159419,586242.431949,5276159.728606,-12000.0,692330098.151465,34.479461669921875
6518,61167634759.903534,4.4257841485336355e+19,7.03066,559836.074546,5267985.094116,-12000.0,568233621.043639,28.330223083496094
6559,61368612214.1328,4.009251628388297e+19,7.002042,858755.858863,5502831.037273,-12600.0,293357019.327906,15.520378112792969
6615,61745263811.68968,5.3645760649976504e+19,7.086357,1016846.315297,5819482.152586,-3000.0,462456514.35678,20.93408203125
6619,61750328760.285286,7.142507685221753e+19,7.169234,1033420.060689,5861974.073055,-10500.0,647293844.09817,32.978271484375
6739,62520252360.53369,6.787635095721375e+20,7.821146,229371.013272,5049767.689079,-12857.142857,2591485823.951618,65.53775787353516
6743,62578803064.14406,1.975331158896998e+20,7.46376,179941.194096,4963665.378172,-16000.0,1446163318.74426,46.506065368652344
6821,63062536481.944405,4.966695357415371e+19,7.064045,1031303.382738,5903557.926434,-9750.0,514615005.902997,24.41937255859375
6909,63566825447.57778,2.0778438155892705e+21,8.145075,828475.070319,5359910.739842,-7636.363636,11102460532.19852,156.42267608642578
7195,65646742649.306465,1.1618641095259318e+20,7.310104,528681.764012,5254580.0459,-8000.0,962987037.286401,30.05377197265625
7242,65974396613.95102,1.343945164964636e+21,8.018921,104578.946058,4830486.27384,-19500.0,7209887625.296422,112.23995208740234
7324,66468757875.82251,5.891005564583964e+19,7.11346,955421.510488,5744714.79433,-2700.0,770479553.303865,47.403602600097656
7415,67069603794.79827,4.607926956313794e+19,7.042337,1055454.465157,5906227.502883,-11250.0,381413891.486136,17.3792724609375
7447,67288589232.461876,3.51853652465256e+21,8.297575,45475.618647,4525561.629957,-19500.0,14329178593.665413,185.31905364990234
7484,67511655273.87219,1.7992304735738709e+21,8.103391,259169.948656,5063999.818714,-12600.0,9055080985.655336,226.6918182373047
7485,67511655507.20642,4.8801295676955845e+19,7.058954,545994.973644,5271190.997494,-5400.0,603112006.736881,27.195045471191406
7576,68190007100.38757,2.6274435247394747e+20,7.546356,760403.175868,5365122.347035,-11454.545455,1824425954.081603,65.24287414550781
7584,68190975112.10603,1.6346217936961182e+20,7.408945,779460.263236,5344259.877307,-11250.0,985044712.033466,37.471778869628906
7601,68337923956.99843,2.5150199154852427e+20,7.533694,651167.222709,5286678.00497,-13000.0,1499770653.535621,51.594749450683594
7723,69163314635.28604,3.39364624310479e+20,7.620444,655041.838787,5364879.137423,-10800.0,1639099332.632449,47.65283203125
7896,70466529488.14139,2.0008664783845976e+20,7.467479,585637.271607,5276134.454279,-13000.0,1473500621.852921,42.18754577636719
8086,71767720750.56506,1.5833545124253535e+20,7.399719,678628.893375,5313079.584132,-12600.0,1288419257.551656,43.936920166015625
8202,72477945734.30045,9.105956940538672e+19,7.23955,805840.511145,5350570.217674,-9000.0,810731866.416388,37.07391357421875
8209,72520689102.03603,6.5318646134247825e+19,7.143358,1088992.416935,5877027.37373,-12750.0,589891076.67681,21.930419921875
8320,73265459248.32718,8.534966275260193e+19,7.220801,779884.266083,5381689.454389,-13500.0,718747517.064465,36.72447204589844
8377,73652157474.18262,1.0080755245737524e+20,7.268995,646176.788579,5304604.085239,-7000.0,881001205.250845,45.79234313964844
8516,74720043932.77388,1.4015654393920524e+21,8.031076,512855.403044,5244969.391317,-9000.0,8374161037.256067,286.91090393066406
8557,74943038231.62563,1.3244352472288012e+20,7.34802,792003.296244,5388088.546102,-14961.038961,1315610633.774177,40.41328430175781
8568,74995906356.22198,2.9365117080999186e+20,7.578554,1176912.336626,5853296.818718,-17922.077922,2385602850.989356,56.63313293457031
8612,75262231919.6476,6.165451513214603e+22,9.126643,1058380.736545,5704133.266597,-19480.519481,110641164891.62755,432.5226593017578
8678,75274161874.41473,7.897946755799264e+19,7.198343,999390.011801,5885644.677831,-9750.0,604511170.290632,22.501358032226562
8736,75613759374.21652,8.5085620257097e+19,7.219904,720244.86732,5256405.057038,-13090.909091,477719699.504478,26.409255981445312
8778,76017765495.68375,4.053891308509283e+19,7.005248,146013.95697,4967430.405105,-12000.0,405805015.237382,28.866607666015625
8855,76661351482.27818,2.494694313701008e+20,7.531345,175989.094526,4950108.390548,-19000.0,1597991147.397028,37.009765625
8881,76924073148.73734,4.181334458852262e+19,7.01421,994863.399596,5813750.363411,-12000.0,328906713.571632,17.639892578125
8895,77033297522.85693,3.319862955012705e+20,7.61408,662824.099691,5373382.47369,-12000.0,2197430072.824163,89.10214233398438
8982,77967442559.02408,7.680202413303608e+19,7.190248,24849.321091,4422366.27253,-19000.0,855320954.204215,30.537261962890625
9048,78432823811.10718,2.39837915563101e+20,7.519945,654298.444468,5286414.955536,-8000.0,1494106431.518976,50.06510925292969
9079,78824427971.52148,4.017849579969871e+20,7.669329,31376.742483,4464300.083293,-18000.0,2234516175.124865,50.61521911621094
9140,79302988120.69472,3.981416295104691e+19,7.000025,592685.133997,5273707.314651,-10000.0,497098581.738643,33.520538330078125
9183,79705899080.14925,7.667984837155234e+19,7.189787,594155.017615,5283834.49657,-13000.0,631813247.290574,25.579269409179688
9250,80195501278.65894,1.3599480664751946e+20,7.355682,534339.003787,5255730.987281,-12000.0,1376140171.391184,48.276275634765625
9309,80575100939.90201,1.0927515622211037e+20,7.292348,1026011.940432,5897033.402048,-3000.0,893071262.21306,36.034149169921875
9426,81775656717.08652,1.3692711728158228e+21,8.024326,512201.312683,5241879.479746,-12600.0,8509505331.124336,298.71717834472656
9496,82464536241.50887,5.614879060186269e+19,7.09956,771390.790038,5413613.16177,-9000.0,539792550.211174,29.77752685546875
9588,83258961488.75703,6.762637726048654e+19,7.153411,1017476.414178,5814097.014503,-12750.0,704626932.972526,37.67970275878906
9644,83740252884.24438,1.0121095472006339e+20,7.270152,870088.938098,5628699.780034,-11700.0,602477512.373091,19.742019653320312
9675,84117241529.60432,3.5369900892601654e+20,7.632423,731295.728272,5345994.727005,-13090.909091,2583115071.493306,71.67387390136719
9802,85156896635.14314,4.433147525232205e+19,7.031141,1039529.12103,5923473.354067,-9750.0,427639683.478654,16.681625366210938
9835,85356236863.0722,4.167307527579324e+19,7.013237,581236.418519,5262958.427221,-3000.0,483242175.332038,32.72813415527344
9866,85590755381.24341,5.945393026349957e+19,7.11612,1051860.90668,5828132.531416,-9750.0,654634599.121997,41.196044921875
9876,85607679224.51244,5.5133353409492615e+19,7.094276,626143.174361,5284268.046287,-9000.0,534186684.861602,31.61590576171875
9979,86355967510.4012,6.3646893638062236e+19,7.135851,785716.684926,5392825.847522,-16207.792208,875807941.191526,43.294219970703125
10068,87022364123.29291,5.12801241413241e+20,7.739966,584496.894296,5290425.169019,-12600.0,3462715142.957036,88.48834228515625
10079,87156599981.48242,5.323616954295921e+19,7.084138,128372.066298,4962061.443192,-8297.43083,541945187.750766,24.352294921875
10151,87634111536.95259,8.604039858709196e+19,7.223135,904972.399962,5666760.447538,-9000.0,696464106.077399,25.248275756835938
10428,89527429326.50073,2.8293643046240004e+20,7.567793,655672.936125,5287679.116612,-13000.0,1481356411.684481,45.97911071777344
10464,89714250232.82649,1.47019463770085e+21,8.044917,513288.314286,5243345.152269,-11700.0,8435443744.826638,264.2892303466797
10582,90544987435.54326,4.360614366868478e+19,7.026365,595565.239697,5279240.482773,-11000.0,432629441.43971,20.085845947265625
10798,91854939904.53276,4.868905961582718e+19,7.058288,798755.7505,5408301.238932,-11428.571429,515296641.608593,24.958938598632812
11003,93161551256.52103,1.3720562416229419e+20,7.358248,758729.759229,5407956.551007,-13000.0,1120461904.467877,44.85453796386719
11004,93161557014.73567,1.2580408672643413e+20,7.33313,789053.029384,5382306.86244,-6787.878788,1197409022.477061,47.255126953125
11086,93728526183.39207,6.819635520143397e+19,7.155841,17879.028048,4430190.499837,-13500.0,727297707.615333,29.122604370117188
11170,94234676510.78902,7.346792033332448e+20,7.844065,832866.269811,5357296.086872,-6857.142857,4635802739.112789,75.52455139160156
11193,94404992337.9088,1.3775651846960985e+21,8.026075,105585.29623,4837170.359773,-19000.0,7466205056.229615,133.07528686523438
11194,94405336189.92828,1.818416263401012e+20,7.439796,173452.941964,4967015.403452,-10857.142857,1463236910.931183,50.56663513183594
11265,94924057405.90042,6.010822492401086e+19,7.119289,622564.838286,5284393.536509,-11000.0,623916970.744273,25.342453002929688
11312,95211593205.38466,4.458230209976376e+19,7.032775,536025.387832,5256125.859315,-11000.0,554528354.687426,28.67657470703125
11347,95445596865.32513,9.044000536339422e+19,7.237574,1183649.400614,5847497.399533,-16519.480519,1052218177.225969,53.71156311035156
11512,96451036309.90274,7.811429346910786e+20,7.86182,940088.108667,5528548.84447,-18857.142857,5061594263.9665,59.16993713378906
11611,97079585620.21591,4.4676739397181914e+21,8.366721,73401.838339,4670701.078719,-19500.0,15919740542.546764,142.4073486328125
11708,97732936141.64305,2.735045403443339e+20,7.557976,775144.521707,5378028.720049,-9818.181818,1907021815.944086,71.68531799316406
11709,97732936261.01389,6.684441649018109e+19,7.150043,762721.90545,5331773.622073,-3000.0,522849767.316013,28.174606323242188
11725,97771016256.69951,1.6947358310234364e+21,8.086068,512201.312683,5241879.479746,-12600.0,8782976620.58204,264.4664764404297
11734,97807119333.6777,4.1556539096811454e+19,7.012426,147761.594348,4975506.083878,-7875.0,409716879.809842,21.811737060546875
11822,98298380755.16727,1.793877120851297e+20,7.435862,684739.195263,5272699.329878,-3272.727273,1147371670.092741,67.03565979003906
11840,98394627729.9872,4.577502211894012e+19,7.040419,1009273.600486,5826851.67681,-12750.0,448904028.146774,31.089797973632812
12007,99354555987.28084,2.7482009464412982e+20,7.559366,713164.762095,5310994.766633,-13000.0,1611433822.705269,46.905792236328125
12067,99663015701.61307,9.087864239433309e+19,7.238975,886916.329372,5650245.407808,-12600.0,576423428.519244,24.184951782226562
12080,99742531971.69528,1.3421603788614517e+20,7.35187,648729.141534,5306055.554481,-9000.0,980752789.411185,53.48411560058594
12097,99936652617.91635,4.593216576095074e+19,7.041411,1065277.662111,5886049.44352,-9000.0,429603639.938318,17.967803955078125
12225,100759674890.88914,1.9075456102568162e+20,7.45365,608688.428902,5287559.84301,-13000.0,1282358877.470489,34.34092712402344
12268,101039044191.40434,5.248694899821907e+19,7.080034,742333.707323,5323371.958321,-11000.0,459128937.149096,23.337890625
12508,102600908104.86752,4.7674895771227914e+19,7.052193,1021924.141305,5628443.787632,-10285.714286,572087957.114117,27.714935302734375
12824,104627489975.54164,4.2287273806823424e+20,7.68414,778182.179776,5397809.151203,-17610.38961,3815503103.759501,86.95785522460938
12850,104696222050.62997,9.931375490967663e+19,7.264673,1038691.733612,5906113.743342,-10500.0,812761418.145518,20.711441040039062
12868,104788597415.3015,1.0923347232656975e+20,7.292237,596147.723979,5273605.693845,-12000.0,707716127.196887,26.837921142578125
12870,104794626623.27223,8.478707391309824e+19,7.218886,557545.921016,5267705.359074,-12000.0,806608283.770618,26.074462890625
12876,104826047984.33498,3.105488079916126e+20,7.594753,647363.762893,5361102.002616,-11700.0,1661581490.242772,56.08421325683594
12895,104942748948.71754,1.365266013880719e+21,8.023478,510680.700771,5242038.980535,-10800.0,8456564792.515331,288.77703857421875
13040,105930102197.96445,1.1586673206015089e+20,7.309306,926179.552256,5619085.139966,-10000.0,985378177.21823,55.29142761230469
13076,106144969042.20337,7.737337234980412e+19,7.192394,533775.431609,5255605.608918,-13000.0,679792282.425089,31.352493286132812
13257,107265296054.02444,3.454708140773778e+20,7.625608,162197.886256,5006496.653721,-7285.714286,1663063708.143002,45.62577819824219
13496,108733286099.55673,1.543237527024573e+20,7.392289,24931.728364,4434808.35219,-17500.0,1272378278.981476,30.914520263671875
13645,109597480628.29022,2.63378192395417e+20,7.547053,715482.396899,5309685.173477,-2000.0,1473358666.291945,45.743896484375
13758,110123482825.2393,7.66443698288988e+19,7.189654,798924.027158,5350167.415919,-9000.0,707450518.370811,32.90443420410156
13801,110494054602.44014,1.4833838633207595e+21,8.047502,1225413.279519,5814580.704772,-8103.896104,7148183813.810484,103.35050964355469
13914,111165451728.85365,1.2532752369030134e+20,7.332031,195316.359954,5010104.881314,-6300.0,1085648252.625496,50.808990478515625
13930,111247417344.6569,4.148505668046458e+19,7.011928,1036845.313907,5924003.988582,-12000.0,393176666.920574,20.817092895507812
13977,111451820359.68005,3.056200973866281e+20,7.590121,512961.269106,5241800.196484,-13500.0,2682799654.092417,103.83024597167969
14290,113182462072.42451,6.9693708561514185e+19,7.162129,568755.372483,5279734.157312,-11700.0,620290366.100043,31.621429443359375
14362,113607262116.82085,5.160484525955993e+19,7.075127,998310.716459,5778585.997651,-9750.0,667870867.08567,34.493377685546875
14374,113668514757.5442,1.6488402317277073e+20,7.411452,608754.357743,5283407.568674,-11000.0,1389229634.057883,38.92869567871094
14485,114420897399.18135,4.020745402650506e+20,7.669538,773028.702168,5375287.190591,-9818.181818,3009151179.809937,78.491455078125
14491,114425866141.41837,2.0603294077996644e+22,8.809291,775038.874117,5400177.801913,-18233.766234,44240335013.63291,235.80555725097656
14497,114425867526.13863,3.2800112612321395e+20,7.610584,866682.549406,5529786.671865,-11700.0,2030342114.417881,59.8216552734375
14633,115247953701.0169,5.97379267052956e+19,7.1175,653098.233034,5227551.798833,-12272.727273,382293013.324801,21.391525268554688
14735,116004180265.39693,8.131463440936776e+19,7.206779,1050251.375021,5896663.959439,-9000.0,796023099.671356,27.002639770507812
14823,116597819881.88644,1.772021418267908e+21,8.098979,421432.259183,5179307.452786,-13500.0,7572564326.305422,140.82264709472656
14827,116604873582.87563,2.547333289745303e+20,7.537391,174662.26663,4951221.731347,-18000.0,1978820291.726237,43.30851745605469
14911,117469992101.26175,4.482814084378587e+19,7.034367,974873.807073,5622672.697362,-14000.0,447750169.191554,20.108749389648438
15111,118665149718.15047,2.9027043031567434e+20,7.575202,612253.358295,5311846.681356,-12000.0,1668510663.601969,55.34417724609375
15119,118714176051.38437,1.6285595459534324e+20,7.407869,512201.312683,5241879.479746,-12600.0,1269649266.10262,49.1845703125
15123,118724419591.74893,9.928961276243368e+19,7.264603,538818.082614,5256855.739512,-12000.0,932329016.759238,38.02178955078125
15280,119844792112.06218,2.5169740746668068e+20,7.533919,651167.222709,5286678.00497,-13000.0,1476586722.779025,46.34526062011719
15397,120568012774.49417,6.379177078592004e+19,7.13651,581681.756117,5281437.473379,-13000.0,568991175.978201,24.774749755859375
15499,121243508375.1535,6.60699607146774e+19,7.146669,919891.171566,5417008.184657,-4618.181818,646018806.163023,31.535995483398438
15526,121449035982.90546,4.6181572355503915e+20,7.709646,729128.621132,5396553.172351,-14000.0,2599765312.038136,62.42997741699219
15599,121934374443.2563,1.5592926859634563e+20,7.395285,579276.456929,5286840.325677,-11700.0,1049122120.681159,29.41790771484375
15723,122623328603.94254,7.85725371100447e+19,7.196847,134541.394033,4971198.068798,-8142.857143,636078729.999338,48.2579345703125
15778,122912109305.38042,1.5636359417600252e+20,7.39609,598021.670904,5212898.06537,-9000.0,1232017998.361888,44.23945617675781
15852,123375799722.23602,1.3131254746766416e+21,8.012204,137610.967296,4911162.158398,-19500.0,5829006115.467379,108.42436218261719
15854,123375800151.79877,4.911758162149213e+20,7.727491,145255.848032,4840459.183501,-12600.0,1931263783.209169,70.70133972167969
15891,123686655057.60954,1.4919649228294675e+20,7.382506,194182.069041,5008093.763739,-6300.0,1165847241.643302,51.64872741699219
16192,125429852772.07393,1.4288518947621765e+21,8.036658,511009.156448,5243582.055298,-9000.0,7517563662.121418,223.5620880126953
16249,125731523946.02823,6.031587126895494e+19,7.120288,624354.904448,5284316.096312,-10000.0,690763167.522499,27.286911010742188
16257,125788022648.87666,4.4620803479092126e+21,8.366358,73620.01193,4671834.980663,-19500.0,16646266712.722889,154.80984497070312
16272,125888143906.2792,2.3199406238995893e+20,7.510318,774536.162035,5375403.611375,-8181.818182,1890627018.728069,86.29629516601562
16288,125995263564.10371,1.8496020664895318e+20,7.444719,817780.600203,5345977.987792,-12272.727273,1218850785.712256,69.40383911132812
16324,126228188214.39519,5.836775221698348e+19,7.110782,591530.619721,5273725.07154,-12000.0,595119747.693213,42.09242248535156
16332,126274849256.08904,3.591642824966444e+20,7.636862,810215.612205,5375753.288032,-11532.467532,3132603740.264748,54.282501220703125
16428,126931918327.84164,4.255549979646517e+19,7.019304,586604.276224,5275165.569631,-6000.0,418578581.641642,17.292510986328125
16476,127229112772.79535,4.007240546154072e+20,7.668564,399218.548329,5076254.701766,-13153.846154,1681815794.342679,65.55253601074219
16497,127432212699.57115,7.565296984599008e+19,7.185884,869646.030699,5558662.864678,-3600.0,495050342.77557,29.9910888671875
16506,127477659761.1399,4.2033320988279236e+20,7.682396,177177.58752,5011704.412608,-7364.53202,2116144380.429653,53.75639343261719
16538,127686699954.19955,3.40480370309148e+20,7.621395,431595.84194,4859633.065622,-13153.846154,1586959462.98958,62.07763671875
16585,127949992655.61024,2.086084927509908e+20,7.479555,652303.996199,5286878.99023,-13000.0,1472423970.153855,58.88063049316406
16682,128513720129.83565,1.9357983228136315e+20,7.457907,479031.956458,5161807.683221,-10800.0,1016326092.341197,52.421051025390625
16753,128943670993.56154,1.2733470988606126e+20,7.336631,580162.478054,5262534.180732,-3000.0,838658410.60281,32.98323059082031
16851,129459160918.38713,9.090772787276489e+19,7.239067,784297.418886,5378619.136049,-3600.0,803242596.708781,37.652618408203125
16908,129949367709.30632,2.191965008145314e+20,7.493889,174629.845619,4964720.551422,-12571.428571,1492681713.782782,47.227294921875
16916,130015782868.23535,4.297338100434234e+19,7.022133,997553.039808,5819567.288108,-14250.0,414689319.240005,27.621978759765625
16981,130408807626.55118,1.6943243270305304e+20,7.419331,678883.318155,5322821.349625,-13000.0,1204377668.390171,37.87590026855469
17239,131905925645.56941,2.8445466122833615e+20,7.569342,1167482.419649,5860402.770848,-19792.207792,2402852329.304535,62.01673889160156
17324,132523013455.90837,6.318957608787166e+19,7.133764,640677.393185,5314046.924929,-13000.0,627002392.311645,35.449493408203125
17366,132722744008.37439,3.107742873017536e+20,7.594963,221664.233786,5036101.568583,-11700.0,2032611814.427215,64.03973388671875
17384,132819295786.11133,1.173309159426197e+21,7.979608,512692.236168,5244196.440045,-9900.0,6558654743.912058,205.4458465576172
17385,132819312262.25269,9.955962057958633e+19,7.265389,529249.169658,5254686.742511,-11000.0,942286410.677716,31.94921875
17549,134004168431.01665,3.398183214581524e+20,7.620831,943231.414326,5526180.19376,-18233.766234,2872524208.696352,60.57786560058594
17932,136126068800.83179,2.0119285505904653e+20,7.469075,177315.922423,4948995.04975,-20000.0,1740337049.609126,48.92327880859375
18088,136925060691.30528,3.832015615270978e+21,8.322285,801756.972218,5380044.270878,-12935.064935,17011462201.650713,164.68081665039062
18117,137042412255.90999,3.0407245529495634e+20,7.588651,654546.764491,5363650.457801,-12600.0,1628500340.279413,60.57536315917969
18248,137912557829.2588,2.879133169272051e+20,7.572841,777364.962347,5377415.365902,-6545.454545,2121932598.748491,74.1629638671875
18308,138143949080.45865,5.467602730897761e+19,7.091865,213593.232796,5040204.301949,-13000.0,502475762.438347,21.001617431640625
18318,138233638785.90735,1.7073413544961953e+20,7.421547,586363.046708,5275828.342281,-10000.0,1323651681.973373,32.223236083984375
18321,138238217601.1645,2.5856043231796825e+20,7.541708,651167.222709,5286678.00497,-13000.0,1480065801.762032,49.344879150390625
18436,138938492924.8811,4.029387003625836e+19,7.003493,949012.896708,5736032.272365,-6300.0,393474344.473984,20.64764404296875
18446,138969488909.91254,4.5179257971835585e+19,7.036626,1069659.665738,5873094.902149,-7500.0,399541566.742814,14.877532958984375
18484,139227457958.07645,1.231927143373602e+20,7.327057,1101358.944415,5913132.157414,-5250.0,726623134.593824,27.776336669921875
18523,139506021576.42493,5.57344990669291e+19,7.097416,201396.194762,5016647.691506,-10800.0,617836629.629935,32.5115966796875
18594,139951325156.56613,1.3055857203790047e+21,8.010537,510516.123399,5241267.910286,-11700.0,7949820308.536869,266.1124572753906
18698,140532158766.08383,5.7632110474203455e+19,7.10711,1018177.395748,5857134.338395,-10500.0,724343613.204744,33.2012939453125
18778,141121299104.74106,4.340551685403758e+19,7.02503,615184.07929,5289963.03555,-13000.0,537801775.748291,32.362945556640625
18935,142157605219.74808,4.582734550063007e+19,7.04075,535035.784584,5254909.358736,-9000.0,597722243.749121,29.407867431640625
19010,142596480389.49655,4.415647535871952e+19,7.029996,717037.384696,5331363.597298,-9000.0,366574803.349262,16.0946044921875
19044,142805603775.65305,1.532401659306596e+20,7.390248,562793.318607,5279216.500045,-7200.0,1187116537.819688,40.856597900390625
19098,143148057132.15347,7.575232680266277e+19,7.186264,1033687.337735,5908178.94966,-5250.0,680783276.197634,21.020538330078125
19199,143907497059.5052,8.474929842097747e+19,7.218757,195340.860814,5009170.798455,-7200.0,751077995.675478,34.86920166015625
19462,145510613961.89365,8.245758084589188e+19,7.21082,168231.712921,5037752.957488,-3000.0,589475157.274196,25.82763671875
19556,146003457983.4831,3.275661460958911e+20,7.610199,694118.443022,5327634.858221,-11700.0,1755763249.398769,47.89080810546875
19561,146013689573.66827,8.273816410037641e+19,7.211804,786645.677199,5380973.450105,-6361.456672,761664353.759063,33.75860595703125
19684,146736903769.58807,1.2426549241455043e+21,7.996234,512961.269106,5241800.196484,-13500.0,7925425040.523743,286.1449890136719
19772,147196936999.07703,8.178722581405142e+19,7.208457,792755.742497,5350409.502217,-13000.0,945886603.482669,42.1199951171875
19857,147607008286.5825,3.9871137097488196e+19,7.000439,1032407.453222,5805666.741888,-6750.0,550890251.374103,26.147552490234375
19908,147881401675.09702,2.1842535635661645e+20,7.492869,608263.752703,5311213.076057,-9000.0,1571944941.266496,66.07659912109375
19926,147934367608.2111,1.5741347337905095e+20,7.398028,756636.889797,5406980.215575,-13000.0,1154491460.566512,30.6644287109375
20019,148501018247.51254,1.2861708634714699e+20,7.339532,80724.284235,4800863.349049,-8000.0,954283709.236103,31.2047119140625
20042,148637724602.9291,2.5077451326732645e+20,7.532856,718626.721275,5327303.431399,-10636.363636,1871422233.346119,83.57244873046875
20069,148771673476.16092,1.819876954106854e+20,7.440028,103055.269068,4767462.918183,-4500.0,1256897860.950036,63.189849853515625
20140,149121166190.93887,6.875626342823685e+19,7.158208,195374.225277,5006391.188188,-9900.0,657374337.027513,27.06243896484375
20201,149439587562.8178,1.0379444998766774e+20,7.277449,589798.753225,5273718.403525,-11000.0,743989739.367014,29.7435302734375
20308,150015436832.89023,9.234037533795757e+19,7.243594,571107.163748,5270481.252562,-10000.0,808343732.459016,29.325775146484375
20405,150381385521.45248,9.48110751624474e+20,7.917906,135566.779747,4909183.715862,-19000.0,4866569828.105485,93.88589477539062
20417,150461278839.4704,6.8528890693782495e+22,9.157249,1062415.084515,5704706.554002,-19012.987013,125892602248.57944,448.83489990234375
20481,150484848142.36832,4.147043600083669e+19,7.011826,956464.706287,5713957.644694,-9000.0,301262932.033605,14.546630859375
20564,151093804820.13434,4.1270028435679e+19,7.010423,619755.126207,5218454.935219,-8000.0,472584687.84774,20.267730712890625
20576,151241096096.52087,5.228785422435559e+19,7.078934,540614.052635,5271176.352648,-13000.0,495360382.537877,30.478424072265625
20754,152856584698.5417,3.781488638854786e+20,7.651775,768349.447072,5372628.24614,-12272.727273,2465026495.860852,67.32864379882812
20755,152856586460.81796,7.459220008963696e+19,7.181796,766052.327132,5335055.092313,-9000.0,697205768.114719,30.0736083984375
20851,153607932875.07703,5.610420795841764e+19,7.09933,1056211.939303,5905222.30074,-9750.0,440924155.680338,21.428192138671875
20948,154277548552.7896,4.3432494567799794e+21,8.358543,45475.618647,4525561.629957,-19500.0,16061990425.723282,166.58596801757812
20983,154606381954.79755,1.4899721985326842e+21,8.048785,514549.670141,5244947.571269,-10800.0,8437546612.919939,266.0860595703125
21102,155695697381.06384,7.859971136966548e+19,7.196947,1032356.542776,5878251.551509,-12000.0,714269569.314849,30.641387939453125
21139,155928363553.90253,2.7215980145675393e+20,7.556549,470311.703258,5114871.076142,-7200.0,1033765308.118517,42.476531982421875
21295,156985593054.65405,2.7161000238295273e+20,7.555964,175989.094526,4950108.390548,-19000.0,2016539243.012342,61.89141845703125
21342,157393402972.70987,4.068397423933658e+19,7.006282,840639.734738,5509318.289877,-10800.0,521028200.75893,22.79193115234375
21388,157738795777.6537,1.4148587109587688e+20,7.367142,637742.866551,5287370.095277,-12000.0,1124026811.14689,57.094390869140625
21389,157738840270.63553,2.459129967259928e+20,7.527188,582885.268422,5289722.00851,-11700.0,1617827530.974541,47.943695068359375
21442,158173260378.38263,2.63663260341228e+20,7.547366,652303.996199,5286878.99023,-13000.0,1479158487.084843,52.697021484375
21678,159895542279.171,1.6970057451194427e+20,7.419789,181846.046819,4957012.890588,-20000.0,1413222589.51535,54.170440673828125
21735,160324753603.1592,4.052540385821188e+19,7.005152,947039.711476,5734403.784906,-9900.0,333969132.963587,17.5859375
21800,160747274414.81213,4.780566117814955e+19,7.052986,718091.478698,5257188.826399,-9818.181818,406777341.826043,30.064727783203125
21825,160940673774.73453,5.1613019721870385e+19,7.075173,1042469.602469,5925304.62928,-9750.0,466393741.412386,23.203857421875
21923,161613225012.69427,8.648207368748e+19,7.224617,558752.301131,5264494.966744,-11000.0,927726546.444822,50.094818115234375
21967,161859647955.7387,4.279172980320237e+19,7.020907,1026896.162808,5913518.34311,-4500.0,414305314.471773,21.7623291015625
21973,161898332653.86282,7.874291288348718e+19,7.197474,768752.262799,5404915.103333,-19480.519481,950903156.67792,37.48260498046875
21983,161965245051.3862,1.3953845575316238e+21,8.029796,510084.622653,5242890.268311,-9000.0,8407591377.736415,284.9307861328125
22155,163233578184.58316,1.5636274798946333e+20,7.396089,594155.017615,5283834.49657,-13000.0,1019780142.483005,33.52178955078125
22255,163812415287.89758,4.221530541116921e+19,7.01698,146284.296012,4979058.517757,-6125.0,390614649.567836,21.908203125
22451,165076545074.84912,6.330784964820472e+19,7.134305,1024060.510488,5868439.374408,-3750.0,545439778.716665,20.234649658203125
22454,165091059537.69342,5.987976814045014e+19,7.118187,101428.251652,4820365.854683,-19000.0,757337183.071953,47.0728759765625
22488,165287515749.99646,6.141250529246625e+19,7.125505,1088992.416935,5877027.37373,-12750.0,623179687.002748,23.201690673828125
22506,165419911922.3681,3.987659561196087e+19,7.000479,877589.015579,5545819.537191,-4500.0,321030357.988252,30.32293701171875
22596,166102919026.01468,3.254442914332459e+20,7.608318,717382.642007,5327026.615221,-12272.727273,2626519212.468475,94.02560424804688
22597,166102919159.1201,5.811168444713724e+19,7.109509,736937.398178,5321358.05531,-13000.0,482597093.551399,21.194305419921875
22674,166626566123.15164,7.270079361272009e+19,7.174359,176873.916934,5055031.993564,-11700.0,430942441.526199,23.986328125
22784,167424489860.41144,1.2120009011033665e+20,7.322335,790593.27541,5385324.719386,-10917.748918,908359196.568814,31.621490478515625
22822,167684455774.24176,2.2876023057187835e+20,7.506254,651167.222709,5286678.00497,-13000.0,1471869576.120699,56.377655029296875
23006,168922440618.64447,7.530857769647085e+20,7.85123,837904.987296,5352804.787712,-5766.233766,4949707471.95377,84.73321533203125
23097,169356220212.9447,1.4300611784455018e+21,8.036903,511009.156448,5243582.055298,-9000.0,8439589005.06748,278.8907470703125
23123,169484154279.9279,2.5956287684534764e+20,7.542828,654546.764491,5363650.457801,-12600.0,1674286333.640544,64.61880493164062
23139,169595926120.18057,6.52391275676959e+19,7.143005,870931.344102,5627930.177703,-11700.0,567601346.802977,26.141265869140625
23173,170018828059.27393,5.182876009458267e+19,7.076381,1049392.406143,5894268.022384,-7500.0,544138211.173985,25.4140625
23228,170373999603.26712,4.43853987075078e+19,7.031493,583381.1717,5263814.746927,-3000.0,501428708.815402,34.02984619140625
23292,170775549415.00818,3.863015993631422e+20,7.657951,664386.164327,5374079.666056,-13000.0,2459805350.883329,96.06362915039062
23429,171515090773.70865,5.22449487016529e+19,7.078696,591530.619721,5273725.07154,-12000.0,687884673.703818,34.990325927734375
23436,171558425145.77835,2.883202170509604e+20,7.57325,1173769.030967,5855665.469428,-18545.454545,2383877903.157837,51.03289794921875
23456,171652818380.8333,7.987286832868773e+19,7.2016,903894.750377,5648661.242748,-13500.0,820972843.668419,34.274810791015625
23478,171809232560.12793,8.083236271223978e+20,7.871724,962091.248279,5511968.2895,-14493.506494,5346394032.991549,59.7803955078125
23596,172600496807.5843,7.757433513896211e+19,7.193145,1011124.680675,5623755.955897,-12214.285714,740337821.857392,36.03973388671875
23695,173297771017.3119,1.2403173529150898e+20,7.329022,528681.764012,5254580.0459,-6000.0,1217432258.27756,45.43499755859375
24074,175910759936.42557,1.2974172781979346e+21,8.00872,511009.156448,5243582.055298,-9000.0,8430761118.634823,304.99786376953125
24119,176118058451.2759,3.1013971430443015e+21,8.261038,23286.533255,4430262.463844,-17000.0,15365145846.737375,309.9241638183594
24231,176830464570.818,1.397535504976833e+21,8.030242,175989.094526,4950108.390548,-19000.0,7448926623.929095,150.59051513671875
24271,177003701341.83054,2.5327672646844986e+20,7.53573,655793.550883,5287347.730287,-11000.0,1485109441.223046,49.53863525390625
24543,178538210183.16418,1.660593861770686e+20,7.413509,589027.004143,5276948.872894,-11000.0,1391733711.008755,43.3294677734375
24575,178676708808.92,8.143631737071221e+19,7.207212,1034672.179644,5897907.081422,-4500.0,638103540.711129,30.873748779296875
24707,179457738177.9911,2.9428972600841185e+20,7.579183,679602.528341,5341681.883239,-13000.0,1699692108.869502,61.63055419921875
24783,180008824271.56018,2.8181203134170146e+20,7.56664,692110.082865,5346143.289316,-10000.0,1623708613.784379,57.329315185546875
24784,180008827907.04907,3.229117544526783e+20,7.606056,764865.265271,5367958.82277,-10636.363636,2027530431.071226,54.191558837890625
24785,180008828135.58823,5.0074316923644625e+19,7.06641,777574.597171,5360855.020002,-10636.363636,485656273.680429,21.397003173828125
24842,180285107431.41995,2.3769339179225635e+20,7.517345,612392.373504,5228692.719413,-6750.0,2188275386.430779,89.8411865234375
24950,180977190868.11478,7.242840432461406e+19,7.173273,262523.769437,5087513.547102,-8142.857143,663406795.454958,32.263031005859375
24973,181122648218.98856,5.955893778349415e+20,7.783298,796070.736739,5386412.216227,-14337.662338,4872962553.379177,82.30657958984375
25134,182277269730.68802,5.185247920307606e+19,7.076513,585086.504276,5282075.975233,-3000.0,544075330.842636,28.560577392578125
25202,182702770351.6841,8.049906924421354e+19,7.203861,1035510.55089,5904744.158014,-10500.0,853456102.221295,31.977508544921875
25314,183311104695.81616,1.4453443299551203e+21,8.039981,511605.234565,5242730.767522,-10800.0,8481045935.676288,272.8357849121094
25315,183311973020.22165,2.0353055391878162e+20,7.47242,533782.775692,5260560.883142,-10800.0,1642469302.502324,35.68450927734375
25622,185294823162.96918,1.4930667130397072e+20,7.382719,653906.079662,5303991.59149,-5400.0,980813601.419436,34.399688720703125
25788,186105075395.77884,4.9078589516960445e+20,7.727261,296455.819132,4991497.172756,-3600.0,1828241777.840413,75.42816162109375
25813,186263639529.78192,1.4000567396170878e+20,7.364097,643306.957343,5304335.978742,-14000.0,1173647878.170864,56.96173095703125
25919,186889208049.40363,5.923003328345888e+19,7.115028,1014539.220765,5818478.758865,-12000.0,647177837.116401,27.900482177734375
25948,187039877153.99838,9.296537059834418e+19,7.245547,806042.785148,5350281.34046,-7000.0,747964539.006232,42.328765869140625
26040,187559270530.0388,2.4692425770523902e+20,7.528376,650898.095685,5285761.926236,-8000.0,1493828905.212538,49.701904296875
26166,188489687167.49374,1.13233188727725e+20,7.302649,515145.748259,5244096.283493,-12600.0,1099031298.052091,54.8739013671875
26185,188612988780.44748,3.9850282727033576e+20,7.666954,230270.717825,5049551.379543,-13285.714286,1917041422.043572,57.689727783203125
26259,189123513337.70508,9.49230798159839e+19,7.251581,558752.301131,5264494.966744,-13000.0,947761813.151782,38.848907470703125
26445,190254163091.29364,2.1362040602157548e+20,7.486428,670521.705831,5255616.102527,-12272.727273,994046213.517307,40.295745849609375
26500,190450670657.0644,2.3155208795951745e+22,8.843099,904046.85005,5501548.331932,-18857.142857,44694276588.24491,177.5831298828125
26519,190454362003.8367,6.578525560483361e+19,7.145419,844023.462874,5519143.973979,-10800.0,671380951.619985,26.25921630859375
26553,190715743519.73618,3.1473522915219137e+21,8.265297,1181627.295115,5849743.842653,-16987.012987,13897527400.164425,153.64364624023438
26600,190889043097.58212,4.124825066690934e+19,7.01027,1025183.982181,5810489.590477,-6000.0,487998652.859573,20.199310302734375
26764,191867014487.08875,4.145714952350198e+19,7.011733,994418.566574,5594532.012575,-5400.0,367180455.392952,20.30926513671875
26782,192041840217.26712,8.708484240169008e+19,7.226628,608168.850268,5274633.618544,-9000.0,677357429.24115,22.969207763671875
26788,192052861619.07016,1.550339855550738e+20,7.393618,580944.696085,5287474.086496,-12600.0,1017363940.955612,27.62530517578125
26815,192262956003.62137,4.821417255750403e+19,7.05545,772975.236248,5376964.537163,-11454.545455,637082782.887553,44.2490234375
26857,192524580815.49692,2.32110490743188e+20,7.510463,179875.536154,4958468.980882,-18285.714286,1514785764.270437,48.67333984375
26923,193127491842.78735,1.9587859612646205e+21,8.127991,197525.325295,5011397.681375,-9000.0,8486772598.254374,236.08428955078125
27127,194594689039.06866,1.0385251059566962e+20,7.277611,19542.009505,4426819.635724,-15000.0,1032825578.309042,35.492767333984375
27163,194814953435.09,4.175285423609097e+19,7.013791,1060123.982987,5844299.232296,-6000.0,381961844.568054,17.364288330078125
27179,194856449488.1307,7.100683433429481e+19,7.167533,715597.425718,5323625.762913,-13090.909091,714255888.391295,24.64166259765625
27265,195306356198.49826,1.7071665768762474e+20,7.421517,661143.120602,5233551.555962,-12272.727273,1011878864.787604,60.023406982421875
27285,195456001486.92297,4.376032111261055e+19,7.027387,758729.759229,5407956.551007,-13000.0,539860656.409794,25.839874267578125
27403,196261265471.2903,2.390982162041872e+20,7.519051,651167.222709,5286678.00497,-13000.0,1482322226.956568,53.27685546875
27412,196313569457.07907,2.016852656636924e+20,7.469783,745310.407641,5356153.542987,-13090.909091,1651952493.538019,51.204498291015625
27414,196333316488.11984,1.2604570674886546e+20,7.333685,640113.73553,5313921.931404,-14000.0,808931879.258075,28.856964111328125
27530,197184164902.10074,2.7135740282244085e+20,7.555694,176182.753848,4949216.065678,-19500.0,2104648798.962156,50.0242919921875
27673,198202021579.81155,5.0475026202870194e+19,7.068718,268821.512977,5012647.981322,-14000.0,415527667.922347,30.0948486328125
27903,199427923102.11566,4.545484549964081e+19,7.038387,1018846.691007,5633775.361323,-3214.285714,418874259.722434,23.6888427734375
27923,199523055542.09805,1.4046623327350443e+20,7.365048,1184680.848621,5771566.563615,-3327.922078,736632494.971024,35.749267578125
28015,200078086247.3977,2.7487362232746905e+20,7.559422,196533.01705,5007468.222903,-10800.0,2075474841.233075,85.1485595703125
28137,200788007964.5229,8.547351894584564e+19,7.221221,602032.859683,5285640.015785,-13000.0,671492423.873539,25.86114501953125
28144,200794890810.50043,4.69034120229425e+19,7.04747,1044442.098025,5918840.031481,-3750.0,647458095.970533,22.798126220703125
28184,200992859104.62662,8.73959876438732e+19,7.227661,537704.136024,5256551.947207,-12000.0,838351601.347236,37.7415771484375
28327,201735671360.65286,1.1447346403888095e+20,7.305803,588906.389384,5277280.259219,-13000.0,908841804.707869,35.6455078125
28396,202127301639.91364,5.466247672375682e+19,7.091793,756291.742244,5328806.937947,-7000.0,468527945.203593,21.346710205078125
28464,202512146838.8434,1.3430913272952544e+21,8.018737,501217.248987,5234422.297521,-11700.0,6683712689.406613,180.3043212890625
28482,202662497163.28577,6.0253026538626605e+19,7.119986,1012466.156506,5792295.36568,-13500.0,664900798.829742,19.8182373046875
28504,202752829564.47742,6.530198079244502e+19,7.143284,773755.699142,5376184.074269,-9818.181818,581890043.928882,26.54736328125
28529,202810197174.53952,4.590175272074756e+21,8.374553,34330.97914,4475649.3833,-18500.0,17245043396.13446,229.98699951171875
28546,202921504600.89014,6.626446957437859e+19,7.14752,205205.493886,5035039.882209,-10000.0,611761181.80818,30.7840576171875
28689,203863128438.36346,1.0430786004164797e+21,7.945545,137058.657856,4910148.113224,-19500.0,4922275980.963772,93.11788940429688
28759,204386961565.90292,7.133293480241478e+19,7.16886,771204.492295,5335417.745794,-8250.0,766989786.552092,42.91259765625
28795,204537034181.8621,4.6369216198890406e+19,7.044153,788004.507021,5413541.776897,-10000.0,472927057.019668,27.28216552734375
28803,204555387645.5045,1.3306262133974263e+20,7.349371,677340.538434,5322034.548569,-12000.0,1028724276.181907,39.21258544921875
28873,205104608127.58435,1.0718344008458004e+20,7.286752,559235.990359,5268063.649848,-13000.0,1149209228.283239,42.46893310546875
29011,205857117327.47415,7.567651991658334e+19,7.185974,787008.924809,5381845.975656,-7740.25974,745156854.253876,40.955169677734375
29160,206846950948.69717,2.7849453693541853e+20,7.563211,651287.837467,5286346.618645,-11000.0,1480894111.338412,54.26214599609375
29288,207697003146.99915,1.0212906713561005e+21,7.939433,783774.130947,5398455.78609,-17142.857143,6079275229.099817,67.81015014648438
29334,207864024926.3868,5.828458103532008e+20,7.777036,607114.68008,5311101.740794,-11000.0,3135082902.593639,61.574859619140625
29371,207993715276.13602,5.0529604533362904e+20,7.735697,213964.874973,4900834.094469,-9900.0,2195175652.762915,100.01193237304688
29403,208317913403.72894,5.014764619617488e+19,7.066834,717846.258381,5328083.894293,-12272.727273,533035404.17215,26.259613037109375
29421,208480979136.67383,5.200926937069169e+19,7.077387,714345.881344,5260361.201802,-12272.727273,452256108.449956,27.420440673828125
29678,210086055140.8005,1.6430952191861882e+21,8.077108,251375.199116,5060044.079293,-9900.0,8605701068.530962,244.68402099609375
29819,210968728327.18713,2.6535160511548896e+20,7.549214,756659.210471,5362418.019765,-11454.545455,1881160503.250276,58.705810546875
29852,211149106112.53137,2.5377476002616862e+20,7.536299,1170625.725308,5858034.120138,-19168.831169,2178609111.207199,57.1915283203125
30075,212431169030.93057,6.237837294503273e+20,7.796689,938516.455837,5529733.169825,-19168.831169,4166871990.998948,63.33642578125
30111,212609797878.33755,6.705426648186095e+19,7.150951,637622.251793,5287701.481602,-14000.0,707686507.719933,45.66497802734375
30264,213619184511.72177,1.555931707656901e+20,7.39466,987996.22656,5532409.239381,-5668.831169,1029297111.09596,47.283355712890625
30501,214922237742.82544,3.9909511669400535e+19,7.000718,1043312.524881,5926406.283936,-7500.0,458452510.511104,20.3453369140625
30600,215646570358.84106,7.442275698556047e+19,7.181137,1030270.24626,5903043.491363,-9750.0,656442451.266515,23.777984619140625
30619,215765650430.62524,4.8795940649798874e+20,7.725589,661275.40215,5372662.427179,-11000.0,2911912832.996498,103.7738037109375
30724,216276225752.6657,7.602207977826307e+19,7.187293,561986.939069,5265734.316632,-13000.0,691652724.882678,23.836456298828125
30871,217093149805.26428,7.46743470367813e+19,7.182114,590953.280192,5273728.593112,-9000.0,645240517.014025,35.520660400390625
30875,217113910661.7864,8.10755252768172e+19,7.205927,775328.289446,5353716.707407,-12600.0,650089190.912719,31.878936767578125
30947,217449901902.60507,1.5459647426809925e+20,7.3928,578018.80482,5261675.177808,-3000.0,833506702.114098,27.41888427734375
30976,217617131564.68527,2.83022524542508e+20,7.567881,655672.936125,5287679.116612,-13000.0,1616847308.835119,42.566619873046875
30978,217620446473.05878,1.3940815414502545e+21,8.029525,513357.513905,5246650.14682,-7200.0,8422189365.136761,278.8562927246094
31070,218135432824.02344,4.561473414917901e+19,7.039403,902769.764232,5668174.711298,-13500.0,461606249.041772,27.73272705078125
31320,219277296618.24707,1.088540305991444e+20,7.29123,186970.090752,5058840.857132,-11700.0,565969476.191292,26.794769287109375
31393,219682546204.2218,1.699033413944742e+20,7.420135,134120.685483,4989359.334027,-1285.714286,1393927575.890341,47.128936767578125
31457,220062338055.99673,5.5235173027470926e+19,7.09481,597865.266306,5279672.966408,-9000.0,570660940.074967,20.3017578125
31501,220366295327.22742,5.682302818023084e+19,7.103016,25285.668273,4424634.076417,-19000.0,697451797.367624,28.756134033203125
31588,220851479581.72498,2.1792055685104743e+20,7.492199,170352.039007,4946080.536893,-19000.0,1598167783.092206,40.443084716796875
31742,221683766100.13596,4.659167042299645e+19,7.045539,816279.721288,5376004.501716,-4362.06218,525655694.055156,47.29132080078125
31752,221742162695.1206,8.083766064913397e+19,7.205076,720187.516974,5330394.473081,-10636.363636,853698865.518317,31.2930908203125
31911,222543517424.93747,1.1652253928462218e+20,7.31094,780784.266083,5381169.839147,-11700.0,1009799064.912456,36.963226318359375
32060,223343468248.02258,5.953925060149495e+22,9.116536,1101328.301992,5754155.170514,-18545.454545,117501653745.94318,493.8768615722656
32165,223485347112.35327,1.7216654280548037e+20,7.423966,177777.25994,4960969.609098,-16000.0,1417820415.313803,55.843780517578125
32192,223688598941.77448,6.369690081151124e+19,7.136079,1036827.151524,5884105.476943,-9000.0,622577936.914357,20.6783447265625
32194,223688826385.59082,9.229403293068108e+19,7.243449,1051172.405261,5892488.023266,-4500.0,571296616.708961,16.7093505859375
32330,224736072825.43246,1.402516574830308e+21,8.031272,515145.748259,5244096.283493,-12600.0,8404280882.090532,286.8307189941406
32333,224738026480.83652,6.802077615799341e+19,7.155094,612308.653392,5283526.605719,-9000.0,673554119.723692,31.222442626953125
32399,225421070296.42963,5.0804502761676325e+19,7.070601,1001554.006373,5863368.096703,-4500.0,508544692.790247,22.648284912109375
32411,225474303616.25977,1.900417743131093e+20,7.452566,559235.990359,5268063.649848,-13000.0,1747393336.924155,70.98211669921875
32471,226068095451.0015,2.6163259622364745e+20,7.545128,773635.064984,5378731.896065,-12272.727273,1718764714.025354,51.553375244140625
32568,226884704245.96225,1.4427782919382185e+20,7.3728,579113.567082,5286067.00683,-12600.0,989902099.153373,30.758575439453125
32581,227023116201.15698,1.5212042832761592e+20,7.388125,607588.154541,5287209.668651,-13000.0,1104651622.941472,37.467010498046875
32642,227657820656.50607,2.455623135360815e+20,7.526774,652303.996199,5286878.99023,-13000.0,1493796591.907461,51.210723876953125
32767,228761751227.2607,4.932769355679891e+19,7.062061,954790.694842,5736070.416008,-12600.0,500517802.392769,28.337493896484375
32914,229829728843.4593,1.666828470236179e+20,7.414594,803605.705142,5351191.710269,-14000.0,1214449851.559484,50.0081787109375
33003,230504504867.99017,4.094311158551702e+21,8.341454,60529.596449,4603800.864055,-19500.0,15684025835.173468,130.30252075195312
33022,230573677994.6039,4.0473274934764315e+19,7.004779,702253.402177,5335827.181365,-11700.0,466630088.818517,26.882843017578125
33134,231288465997.5293,6.280929895061248e+19,7.132016,585878.501124,5275471.681628,-9000.0,624317283.431054,31.88690185546875
33216,231892818218.07684,1.2455671858220753e+21,7.996911,113270.702881,4868364.107838,-18500.0,6093302045.282074,72.4239501953125
33299,232442092661.9631,1.5709169054445787e+21,8.064102,202005.26164,5016708.457968,-11700.0,8588098752.79616,286.9158020019531
33366,233031864119.2581,7.29811232821276e+19,7.175474,553948.172117,5262515.220499,-12000.0,733942728.215534,25.10101318359375
33376,233093291376.0164,5.530349897038268e+19,7.095168,1023511.602981,5894635.880681,-3000.0,506775525.956704,27.008331298828125
33487,233941187376.6989,4.780040179365645e+19,7.052954,720862.094748,5330506.716011,-9818.181818,502154155.175333,32.23382568359375
33489,233962580173.21173,2.0602039309132782e+20,7.47594,671385.48054,5308344.507828,-11700.0,1264434157.488242,32.975433349609375
33590,234784987981.29102,5.853391736068961e+19,7.111605,775639.249956,5401808.445842,-18389.61039,885841434.630008,58.763275146484375
33652,235249363865.8619,4.291783090653192e+19,7.021759,1013114.112176,5825545.382926,-11250.0,458521632.365826,30.81744384765625
33719,235708663056.3865,4.5174295139330425e+19,7.036594,877166.420036,5633299.443891,-6300.0,416497975.742349,24.833160400390625
33811,236217138496.56958,2.0842978236513164e+20,7.479307,652303.996199,5286878.99023,-13000.0,1490663159.836037,77.26376342773438
33859,236551699077.68,8.703008559177487e+19,7.226446,589221.565788,5273704.692365,-12000.0,692983711.66339,32.680633544921875
34005,237457292501.36423,2.1247086260570158e+20,7.484866,598664.731762,5215259.757136,-5062.5,1748204974.970329,34.376983642578125
34007,237457930107.15396,2.006051894130452e+20,7.468228,579390.942809,5215664.800515,-9000.0,1505948842.843567,44.35504150390625
34148,238327836203.83502,2.6160967701156145e+20,7.545103,608837.13788,5311280.624347,-14000.0,1654498066.116452,57.175628662109375
34206,238671465946.27655,1.2170391011852177e+20,7.323536,968900.083901,5640940.67951,-4000.0,1005332180.655874,45.66058349609375
34308,239377714201.11908,6.433107107647977e+20,7.805614,292405.122705,4982973.954146,-7200.0,2369909871.666985,78.44146728515625
34449,240303128261.07608,7.298162657371146e+19,7.175476,590758.668851,5283152.856133,-13000.0,620853254.420239,22.660980224609375
34462,240379946011.26245,1.4532599736136704e+21,8.041562,511009.156448,5243582.055298,-9000.0,8376408350.858259,269.7767639160156
34495,240575456922.6753,2.600351090786473e+20,7.543355,771514.351013,5373544.031853,-9818.181818,1690756974.458953,52.855743408203125
34500,240575469591.04333,4.159689925811499e+19,7.012707,784631.262827,5359870.187638,-6545.454545,457051811.020095,31.445953369140625
34566,240814291699.27243,2.838458180019333e+20,7.568722,653950.686373,5364501.745576,-10800.0,1669008125.212785,61.5885009765625
34654,241334453351.76358,2.7887922361467702e+20,7.563611,175989.094526,4950108.390548,-19000.0,2359897335.324512,66.19448852539062
34852,242721109838.89523,2.220634195599589e+20,7.497651,759777.400474,5408442.115607,-13000.0,1518502177.017127,44.50701904296875
34900,242996006188.5997,7.898738034205221e+19,7.198372,785453.868675,5379526.309928,-4500.0,802560733.424371,40.198089599609375
35006,243692924518.9341,7.779380122527189e+20,7.86063,952661.331302,5519074.24163,-16363.636364,5258299563.405912,78.87759399414062
35136,244422995065.28488,6.318317626332995e+19,7.133734,715938.090077,5257972.59576,-6545.454545,470965564.863632,28.34375
35141,244449039984.71823,1.2738483409017499e+20,7.336745,568159.294365,5280585.445088,-9900.0,1110802328.049495,41.7420654296875
35192,244725128907.5519,5.239260307791723e+19,7.079513,751121.465642,5327856.029682,-14000.0,465691728.020113,21.92352294921875
35255,245093303568.25186,6.75452670522873e+19,7.153063,720081.631854,5331287.178904,-11454.545455,719749583.088659,32.62451171875
35398,246026637150.58386,2.486967255096778e+20,7.530447,652303.996199,5286878.99023,-13000.0,1542691239.405876,54.34686279296875
35410,246111449920.40152,2.8886346340878415e+20,7.573795,1175791.136466,5853419.026308,-18077.922078,2380428007.494802,69.29971313476562
35427,246271743605.7532,1.5510359208199064e+21,8.060415,839706.114815,5357696.719499,-6233.766234,8147962636.814065,84.9739990234375
35442,246395606773.7732,4.332373851971817e+19,7.024484,198121.403413,5010546.393599,-10800.0,485805601.316311,23.68804931640625
35454,246506448486.48294,7.182003999222865e+19,7.17083,1010296.887617,5780910.85683,-3750.0,823003516.335455,29.384735107421875
35539,247212440961.3572,6.339910439620036e+19,7.134722,558752.301131,5264494.966744,-13000.0,612299845.911272,24.234771728515625
35579,247437398336.8997,6.077155011235968e+19,7.122467,1010928.364422,5855962.443463,-2250.0,692302524.154916,27.06829833984375
35654,247959415828.02667,1.42649621710433e+21,8.03618,512797.390801,5241028.19197,-14400.0,8179645779.833654,261.6905822753906
35752,248701806515.50784,6.835564632261764e+19,7.156516,25621.821835,4422376.553102,-19500.0,775208247.749825,35.122589111328125
35778,248862638759.63577,7.733620335851913e+19,7.192255,692454.551707,5345732.767336,-8000.0,652584881.871043,32.51495361328125
35958,250096515979.2524,2.0776325141960743e+20,7.478379,531655.074978,5322029.178273,-12600.0,1197041583.064699,60.841827392578125
36029,250463831553.92538,1.5441128720542892e+20,7.392453,589798.753225,5273718.403525,-13000.0,1228179215.270696,50.9764404296875
36061,250720526300.45908,4.047933991490327e+19,7.004822,194778.147159,5007242.475963,-8100.0,478926667.178803,26.919097900390625
36366,252740230788.61438,1.3279333492414407e+20,7.348784,581847.160191,5288194.34533,-12600.0,963918268.206196,36.158721923828125
36425,253117320666.326,2.622314665320987e+20,7.54579,774364.058814,5378809.182942,-11454.545455,1984925624.730018,82.29119873046875
36513,253732782817.11835,7.203188737218105e+19,7.171683,1031303.382738,5903557.926434,-9750.0,717574315.765301,36.20452880859375
36550,253976304934.0474,9.62407680948703e+19,7.255573,1016891.948523,5626251.185553,-10928.571429,874798327.446848,29.3839111328125
36750,255097864226.8757,1.9014805038851447e+20,7.452728,170468.66112,4996639.928062,-13285.714286,1275786030.389211,48.50152587890625
36797,255295831753.60306,9.161912923149694e+20,7.907991,193585.990923,5008945.051515,-4500.0,5709005770.929502,213.1470947265625
36833,255554099411.88425,4.710237995012268e+20,7.715362,512201.312683,5241879.479746,-12600.0,2887146369.923685,92.65890502929688
36890,255946863012.9176,2.5706332517532582e+20,7.540027,652514.068592,5287148.426793,-4500.0,1584851579.057013,51.43878173828125
36899,256006518639.7743,1.9694912337361545e+20,7.462903,173580.707512,4965970.86553,-11428.571429,1482357817.419702,51.264251708984375
36997,256596021216.0989,5.550350009314731e+19,7.096214,783397.418886,5379138.751291,-5400.0,554897458.298283,29.677825927734375
37007,256654290297.40958,4.498988606517502e+19,7.03541,780030.449448,5399193.792871,-17610.38961,602227818.486791,29.8787841796875
37084,257025840408.8424,1.1956430149325308e+20,7.318401,391078.65052,5072337.859587,-12000.0,696904042.378235,46.61602783203125
37284,258240326917.15323,1.0905432263332838e+20,7.291762,536025.387832,5256125.859315,-13000.0,1036951188.42946,36.329498291015625
37321,258342074547.7702,1.4290734520846623e+20,7.370036,661275.40215,5372662.427179,-11000.0,1110115574.915355,58.3582763671875
37346,258500531592.8807,4.979192448080032e+19,7.064773,205037.464762,5034360.402142,-13000.0,488403035.972856,25.238494873046875
37386,258737694278.93576,4.740267841555344e+21,8.383869,44166.577099,4518758.218296,-19500.0,18128242421.44232,209.54898071289062
37424,258965883273.2613,5.696815932295898e+19,7.103755,753055.114356,5387034.597526,-5000.0,596555092.144427,37.9866943359375
37717,260511663224.9116,6.284228426054854e+20,7.798835,823760.11183,5363463.715907,-8571.428571,4747665677.78391,94.05581665039062
37798,260964959732.3421,1.581789088360807e+20,7.399432,626384.403878,5283605.273636,-5000.0,1211778066.420051,50.242156982421875
37836,261189737616.62976,4.575540976525068e+19,7.040295,195218.729715,5012919.745975,-3600.0,537737694.257193,26.618804931640625
37885,261477650631.97083,8.286085331156705e+19,7.212233,582288.97573,5206466.170028,-11250.0,671454236.414396,57.627655029296875
37928,261770340315.43243,1.3924413813182114e+21,8.029185,138715.586177,4913190.248747,-19500.0,6724292540.924134,99.86447143554688
38072,262777058282.01724,6.834443417376918e+19,7.156469,627136.522704,5311107.827935,-13000.0,641724824.174483,36.951904296875
38085,262845241960.11676,1.452624024354448e+21,8.041435,509590.203758,5240577.979254,-11700.0,8349329393.624949,258.0887756347656
38179,263504949157.45276,3.236994093375787e+20,7.606761,613579.845683,5289310.286713,-4000.0,2654939336.094456,76.63812255859375
38258,263866931841.25464,6.28132989049211e+19,7.132034,1082694.060801,5908924.586733,-7500.0,575959247.132784,24.008392333984375
38338,264225162820.3689,2.1459958379499724e+22,8.821086,941983.520493,5526426.196021,-18389.61039,45677871234.38948,203.68353271484375
38432,264803273471.8575,4.640395928022263e+19,7.04437,988877.075928,5883147.565868,-11250.0,542850750.886,25.901611328125
38497,265219483331.86465,6.840811069384043e+19,7.156738,890001.859925,5626863.920332,-7200.0,594632457.098932,33.213104248046875
38574,265722000646.6453,9.032931585262274e+19,7.237219,582845.8315,5263598.542845,-8000.0,711104391.420152,36.27532958984375
38741,266869393557.23206,4.224385104374451e+19,7.017176,197962.132724,5014314.506647,-7200.0,476725807.803164,18.1563720703125
38752,266925891675.90845,3.291249196336503e+21,8.278241,1194200.51775,5840269.239813,-14493.506494,13288456693.61391,144.41226196289062
38774,266942053389.30908,1.1315014202927356e+20,7.302437,1036446.193752,5830755.141141,-12750.0,1254181024.428225,71.04861450195312
38818,267124140707.63416,2.7670581610846165e+20,7.561346,651529.066984,5285683.845994,-7000.0,1472437047.689185,47.294677734375
38948,268016172133.77228,1.1157339803036472e+20,7.298374,716351.071823,5325808.2466,-13090.909091,1210845546.106272,58.198455810546875
38993,268312217786.00867,8.278688567158317e+19,7.211974,608719.01292,5274808.702496,-12000.0,647837514.187515,17.3232421875
39038,268603672687.18243,5.12342908153174e+19,7.07304,1036020.000919,5891694.885303,-12000.0,513573115.23488,20.70281982421875
39193,269668212292.4598,1.568522829603832e+20,7.396994,553249.216816,5269829.567705,-13500.0,1352352273.416616,32.292938232421875
39238,270012210466.05908,2.31774258267604e+20,7.510043,624768.895475,5316184.376326,-13000.0,1596574976.848532,57.34759521484375
39258,270126229044.57318,7.291025294837085e+19,7.175192,805840.511145,5350570.217674,-9000.0,610091022.309184,26.870269775390625
39266,270172433886.07178,4.916368820573811e+19,7.061096,1084820.452055,5865154.445873,-12750.0,533973445.532867,21.2484130859375
39322,270510349041.71283,4.7773627205818835e+19,7.052792,168231.712921,5037752.957488,-3000.0,491398347.436764,29.45880126953125
39384,270984780145.30597,1.5538589999658277e+21,8.060941,512201.312683,5241879.479746,-12600.0,8392584069.048108,260.6239929199219
39398,271025449777.94815,2.5560451073095857e+20,7.538379,763918.599077,5366467.495147,-9818.181818,1729359349.877797,36.733001708984375
39402,271033464735.5194,1.6180711873055752e+20,7.405998,756636.889797,5406980.215575,-13000.0,1308325526.427101,47.03631591796875
39488,271913971082.71234,4.137473759908345e+19,7.011157,1047802.926313,5902063.306479,-12000.0,421070892.627575,19.901336669921875
39751,273508068485.58786,4.366879076033774e+19,7.026781,620280.131484,5218695.149274,-7000.0,482390942.962834,22.011932373046875
39853,274159989830.33957,1.2093200325587465e+20,7.321694,571471.094573,5271169.29954,-13000.0,1132544817.065761,45.814544677734375
39907,274458976538.19244,4.695673230783006e+19,7.047799,1003466.505042,5914632.68196,-3000.0,397143488.268471,16.469146728515625
40059,275582451370.2658,8.535627959720298e+19,7.220824,133695.523319,4966009.833735,-9428.571429,638274626.51559,25.43646240234375
40092,275794879499.85486,1.238290173290699e+20,7.328548,774715.11512,5401116.125007,-18389.61039,1349892140.573259,47.98114013671875
40151,276080929974.27875,5.563165400968227e+19,7.096881,277247.914078,4940826.930797,-12600.0,348307044.311467,23.9510498046875
40153,276087472373.9554,1.4933572170064082e+20,7.382776,399975.1323,5042933.938699,-4500.0,792833990.378513,34.6102294921875
40261,276790512682.91626,2.5303757186348735e+20,7.535457,652303.996199,5286878.99023,-13000.0,1483435102.144094,47.21014404296875
40367,277321127008.08435,8.623283297824509e+19,7.223782,23522.493194,4423479.613328,-18000.0,960567058.761939,44.989990234375
40407,277583414706.93304,1.2974347252916678e+21,8.008724,511009.156448,5243582.055298,-9000.0,8464890012.027785,310.72381591796875
40412,277586525131.05884,4.550783487641477e+19,7.038724,535764.292194,5177303.369778,-9900.0,414102318.076601,23.19439697265625
40461,277902491732.17096,5.295805671260577e+19,7.082621,1048481.401723,5895994.891143,-9750.0,514708422.776058,20.713623046875
40540,278359661501.1539,5.311507800971094e+19,7.083479,636193.49264,5286567.250184,-11000.0,599398661.297189,31.17938232421875
40672,279050805723.133,3.561093293693283e+20,7.634389,653705.956943,5363879.287815,-11700.0,1714002522.671422,55.4029541015625
40812,279848814777.3571,1.0658228222586878e+20,7.285123,731159.023689,5343688.091257,-10636.363636,950262967.623924,28.81787109375
40996,280886345714.49274,1.1643808764605828e+20,7.31073,788204.544536,5382796.735396,-8484.848485,999037231.431666,40.8702392578125
41019,281045085424.2229,3.014209554413302e+20,7.586116,145337.177451,4834809.887611,-5400.0,1746473479.089199,81.30908203125
41127,281578600992.8916,1.784588875151677e+20,7.434359,546604.489791,5339436.918343,-12600.0,1389181935.457123,69.92803955078125
41190,281966733894.2949,1.783378807693555e+20,7.434162,585757.886366,5275803.067954,-11000.0,1468481917.89461,41.044921875
41210,282084212978.7609,3.519420738489227e+20,7.630981,938516.455837,5529733.169825,-19168.831169,3020682605.5901,65.28265380859375
41422,283411353267.0757,9.728586186006164e+19,7.2587,968049.240196,5616452.577202,-14000.0,713794226.978976,30.1160888671875
41435,283472236684.8606,1.5470335039749226e+20,7.393,775144.521707,5378028.720049,-9818.181818,1224865382.604913,59.60809326171875
41496,283808086720.8435,1.0410660807744824e+21,7.944986,509590.203758,5240577.979254,-11700.0,7165881874.048534,285.11663818359375
41544,284043853548.1175,1.9600960970939384e+20,7.461518,176182.753848,4949216.065678,-19500.0,1777992666.648282,49.62481689453125
41605,284447567782.7492,1.7355499343905646e+20,7.426291,196808.45963,5015075.721278,-4500.0,1313786450.809194,52.13427734375
41662,284743561036.8299,4.119663598445871e+19,7.009908,1035754.059668,5908016.187094,-14250.0,428171491.798418,20.02508544921875
41692,284907652101.3572,1.3220324580154397e+20,7.347495,260192.708388,5075055.675627,-12000.0,1049398072.673789,36.87646484375
41806,285581093117.3762,1.346506936364625e+20,7.352806,1169054.072479,5859218.445493,-19480.519481,1424806908.83384,50.59393310546875
41922,286123059699.5961,1.058675612481128e+20,7.283175,581681.756117,5281437.473379,-11000.0,800688201.008725,28.654052734375
41923,286123060704.9768,2.4399932318121004e+20,7.524926,580944.696085,5287474.086496,-12600.0,1717183525.572365,55.52001953125
41946,286167904177.8901,2.4544755844209692e+20,7.526639,720541.999089,5312658.732342,-8000.0,1585744239.108344,56.36846923828125
41967,286272370265.6102,6.247392565199637e+19,7.130466,1028342.504274,5866987.070072,-9000.0,494716124.81723,15.90692138671875
41992,286331947808.80316,1.1583694828302764e+20,7.309231,435120.012034,4879537.891383,-7615.384615,944090187.807722,41.0732421875
41999,286346088339.87256,4.233007722136e+19,7.017766,939091.244141,5721790.691507,-3600.0,488559277.517153,30.01739501953125
42031,286499255576.9663,1.3021130299729484e+21,8.009766,840954.008648,5357450.717239,-6077.922078,7116630273.478136,89.942138671875
42085,286787132764.936,4.103975736803791e+21,8.342137,54420.735892,4572051.609639,-19500.0,15746859330.43182,149.5814208984375
42298,288133145419.04395,1.1974658794922736e+21,7.985509,101110.079579,4832712.588061,-17000.0,5991627906.405784,97.79205322265625
42311,288188135942.03345,7.957688099045306e+19,7.200525,526978.403384,5254266.130536,-9000.0,791675135.59589,42.561279296875
42331,288309066426.4032,2.0983120987310644e+20,7.481247,180924.674261,4957218.666774,-19428.571429,1482409773.305245,52.119384765625
42422,288778223409.04376,5.769843739511317e+19,7.107443,777364.016931,5354806.683619,-12600.0,495773588.139621,22.67864990234375
42553,289526633917.72577,5.452998883269841e+22,9.09109,1058380.736545,5704133.266597,-19480.519481,113208133797.84854,472.69921875
42617,289529378196.26196,8.507404593311613e+19,7.219865,1035510.55089,5904744.158014,-10500.0,839483561.018101,28.87200927734375
42770,290482877750.87054,1.3918284655147554e+21,8.029057,514047.559279,5243266.815765,-12600.0,8550004319.031933,310.3304443359375
42787,290636428421.20135,8.796793733408314e+19,7.22955,591530.619721,5273725.07154,-10000.0,690258423.301433,30.90283203125
43279,294721144167.0283,6.416814770318553e+20,7.80488,720584.095413,5333161.335296,-12272.727273,4952167374.130796,104.3997802734375
43351,295235857588.849,5.018421089691707e+19,7.067045,1044515.481534,5927312.782665,-10500.0,438646103.032338,17.1710205078125
43396,295476117623.68774,1.5999134382730723e+20,7.402731,759777.400474,5408442.115607,-13000.0,1273128530.211963,38.8397216796875
43464,295869733102.3559,1.0213929450409547e+20,7.272795,596303.099799,5212682.542037,-12000.0,984157668.619309,58.9925537109375
43474,295956578612.6856,1.9601678620600674e+20,7.461529,655672.936125,5287679.116612,-13000.0,1470909884.627265,62.0496826171875
43512,296146549943.35645,4.911670233035755e+19,7.060819,403200.521038,5070954.833853,-5538.461538,456448823.985646,27.73468017578125
43745,297545039060.3005,1.3281883181422328e+20,7.34884,766714.932375,5371813.792997,-13090.909091,975862667.899321,35.10028076171875
43889,298410407922.91626,1.5113558234380973e+21,8.052911,510186.281875,5239726.691478,-13500.0,8505002415.654144,272.80853271484375
43991,299017318952.58105,1.012067899371637e+20,7.27014,172589.588802,4950771.438332,-17500.0,1074142467.309613,53.1239013671875
44050,299582495413.9361,2.250943892107873e+20,7.501576,776887.143789,5401562.443581,-18233.766234,2139340978.719468,48.91937255859375
44230,300780950399.98456,4.275216753225844e+19,7.020639,183788.602201,5017489.830518,-11142.857143,505661222.675324,15.84857177734375
44278,301042457714.7076,2.648660505940017e+20,7.548684,547009.100488,5259655.260582,-11000.0,2127908301.878953,61.21844482421875
44415,301819312325.26324,2.916521060254711e+20,7.576577,681334.239281,5341679.591337,-10000.0,1684052981.972628,58.40972900390625
44646,303358183564.87103,1.6736881600807653e+20,7.415783,472264.817693,5114160.200624,-3600.0,1029283676.00066,48.9029541015625
44701,303669767511.5358,2.116672023160046e+20,7.483769,428084.021261,5059730.571695,-12000.0,1117987774.123981,38.16064453125
44877,304709722006.4574,1.6335792427621348e+20,7.40876,800192.500834,5388477.59478,-6649.350649,1214853134.862625,37.015869140625
44963,305252204120.3081,2.593923105726358e+20,7.542638,652665.840475,5285884.831254,-7000.0,1600054215.813858,59.3021240234375
44995,305446784572.18365,5.030896699142539e+19,7.067764,844859.650032,5379309.460637,-6389.61039,506081918.905673,27.1153564453125
45068,305874893501.396,1.0390689069355015e+20,7.277763,582845.8315,5263598.542845,-4000.0,829835245.798608,42.59625244140625
45078,305902954938.1946,5.848320084942842e+19,7.111354,23522.493194,4423479.613328,-18000.0,657395444.140427,26.3203125
45136,306203665972.1383,8.751824075474412e+19,7.228066,914777.67185,5459675.411967,-10259.74026,780583712.504286,27.08172607421875
45201,306516713668.4176,9.081920519860632e+19,7.238785,991985.808006,5834000.115633,-12750.0,698032280.205954,28.13592529296875
45284,307049757656.24774,1.811965767474998e+21,8.105433,511605.234565,5242730.767522,-10800.0,9610874266.718401,253.0880126953125
45395,307735626195.6575,2.4249711472300904e+20,7.523138,138709.680974,4936870.182992,-12500.0,2522631108.715956,66.09747314453125
45437,308014017560.8582,4.286479529279192e+19,7.021401,1067789.736441,5844852.418508,-10500.0,375986560.03199,16.26007080078125
45502,308448776266.1576,5.178967182881883e+20,7.742829,957376.289791,5515521.265565,-15428.571429,3856967749.494818,64.6888427734375
45572,308836831758.12476,4.100194454194943e+19,7.008536,432450.795522,5010322.721539,-12600.0,286157233.248993,21.766845703125
45574,308838797587.03174,6.105581029898456e+19,7.123818,682983.736775,5274172.334448,-6545.454545,497423849.420579,26.51409912109375
45660,309401642235.59125,1.2325885425560022e+20,7.327212,605375.804095,5286547.498349,-13000.0,853035022.695053,23.05487060546875
45667,309455140807.7372,4.041423260906924e+19,7.004356,1015399.869524,5849311.178971,-12000.0,489875041.513017,25.1448974609375
45815,310327241385.036,3.2181942665417405e+20,7.605075,718204.960232,5330035.531849,-13090.909091,1939616679.816475,60.95281982421875
45837,310351398699.11255,8.163278286398611e+19,7.20791,728056.374984,5352770.844871,-4500.0,632273295.012239,27.7391357421875
45842,310359294169.82806,5.9523132158925005e+19,7.116457,754648.726549,5328269.044309,-8000.0,475804633.831827,19.62298583984375
45890,310588290041.447,2.7156352818277158e+20,7.555914,659620.074069,5372250.682519,-8000.0,1621980094.893528,61.4459228515625
45927,310760556435.6288,1.799608214889144e+20,7.436785,793230.979161,5350587.507637,-14000.0,1297958771.419398,37.89044189453125
46013,311226544467.96814,1.2314423041487906e+21,7.993609,808043.583536,5375306.969458,-11688.311688,6668752805.947216,78.0599365234375
46016,311227982533.85675,4.786502065658483e+19,7.053346,844254.5803,5443148.502865,-7711.399711,500659660.923434,32.8468017578125
46068,311527615086.34357,4.1817094690584547e+20,7.680903,228705.225567,5056616.838051,-10714.285714,1929936044.061413,51.54217529296875
46370,313382232919.28595,1.550743968682063e+20,7.393693,513953.592023,5245798.859045,-9000.0,1361876539.23135,66.46978759765625
46375,313384659621.5499,4.325066999328683e+21,8.357329,29531.16013,4450703.540544,-18500.0,16815814168.514399,247.02386474609375
46399,313514511091.6517,2.5525032983048457e+20,7.537978,450992.458261,5147979.992776,-12461.538462,1011841872.212675,37.7772216796875
46408,313553876053.0382,3.6932270350241805e+20,7.644937,1187693.611612,5843004.513293,-15584.415584,2840989078.510115,52.3905029296875
46482,313989325581.21124,2.688103407848702e+20,7.552964,653354.608255,5365353.033352,-9000.0,1625264395.38095,58.2255859375
46498,314057312878.1837,6.2416925592244855e+19,7.130202,1028207.854563,5882438.918224,-12750.0,588600099.208017,30.7005615234375
46516,314093067023.17566,6.428324891131306e+19,7.138732,561624.709112,5267809.24102,-9000.0,744503032.228271,32.20050048828125
46518,314108066601.24133,7.411083295672446e+19,7.179921,780197.806558,5362279.699476,-12272.727273,529873076.147586,22.95233154296875
46541,314252843328.51324,8.569664651493371e+19,7.221976,1055717.69236,5895220.702756,-3750.0,599138379.021321,16.3101806640625
46613,314739751634.4718,5.452081870434503e+19,7.091042,900902.761643,5659053.125984,-9900.0,490338154.479798,20.671875
46738,315477599533.7413,2.8192824793057015e+20,7.566759,650898.095685,5285761.926236,-8000.0,1530440831.076298,49.9080810546875
46739,315477896087.5055,4.6958396311660585e+19,7.047809,702420.842589,5299943.317107,-11454.545455,475853710.47104,19.64739990234375
